1,hallo1
2,hallo2
3,hallo3
2,hallo2
1,hallo1
1,hallo1
2,hallo2
3,hallo3
2,hallo2
1,hallo1
1,hallo1
2,hallo2
3,hallo3
2,hallo2
1,hallo1
1,hallo1
2,hallo2
3,hallo3
2,hallo2
1,hallo1
1,hallo1
2,hallo2
3,hallo3
2,hallo2
1,hallo1
1,hallo1
2,hallo2
3,hallo3
2,hallo2
1,hallo1
1,hallo1
2,hallo2
3,hallo3
2,hallo2
1,hallo1
1,hallo1
2,hallo2
3,hallo3
2,hallo2
1,hallo1
1,hallo1
2,hallo2
3,hallo3
2,hallo2
1,hallo1
1,hallo1
2,hallo2
3,hallo3
2,hallo2
1,hallo1
1,hallo1
2,hallo2
3,hallo3
2,hallo2
1,hallo1
1,hallo1
2,hallo2
3,hallo3
2,hallo2
1,hallo1
1,hallo1
2,hallo2
3,hallo3
2,hallo2
1,hallo1